id,type,location,date,time,latitude,longitude,description,status
1,"Robbery","District A","2025-06-04",,40.71331632,-73.99694672,"Crime Count: 3, Predicted: 1, High Risk: No","Reported"
2,"Assault","District A","2024-08-04",,40.72222171,-74.01209675,"Crime Count: 1, Predicted: 1, High Risk: No","Reported"
3,"Vandalism","District B","2024-10-31",,40.70912664,-74.00499263,"Crime Count: 2, Predicted: 0, High Risk: No","Closed"
4,"Burglary","District C","2025-01-19",,40.71562122,-73.99991547,"Crime Count: 4, Predicted: 1, High Risk: No","Reported"
5,"Vandalism","District C","2025-01-08",,40.71139574,-74.00996916,"Crime Count: 1, Predicted: 1, High Risk: No","Reported"
6,"Burglary","District B","2024-07-14",,40.71820987,-74.00234219,"Crime Count: 5, Predicted: 1, High Risk: Yes","Reported"
7,"Robbery","District A","2025-03-22",,40.71632458,-74.00641275,"Crime Count: 2, Predicted: 0, High Risk: No","Closed"
8,"Assault","District D","2025-05-10",,40.72014593,-74.01543928,"Crime Count: 3, Predicted: 1, High Risk: No","Reported"
9,"Vandalism","District C","2024-09-12",,40.71284569,-74.00841236,"Crime Count: 1, Predicted: 1, High Risk: No","Reported"
10,"Robbery","District B","2025-02-28",,40.71984571,-74.00124587,"Crime Count: 4, Predicted: 1, High Risk: Yes","Reported"
11,"Assault","District A","2025-04-03",,40.71456234,-74.00324567,"Crime Count: 2, Predicted: 1, High Risk: No","Reported"
12,"Burglary","District D","2024-07-16",,40.72145678,-74.01023456,"Crime Count: 5, Predicted: 1, High Risk: Yes","Reported"
13,"Vandalism","District B","2025-05-25",,40.71098765,-74.00654321,"Crime Count: 1, Predicted: 0, High Risk: No","Closed"
14,"Robbery","District C","2024-08-30",,40.71765432,-74.01234567,"Crime Count: 3, Predicted: 1, High Risk: No","Reported"
15,"Assault","District A","2024-11-11",,40.71321098,-74.00987654,"Crime Count: 4, Predicted: 1, High Risk: Yes","Reported"
16,"Burglary","District B","2025-01-07",,40.71987654,-74.00432109,"Crime Count: 2, Predicted: 0, High Risk: No","Closed"
17,"Robbery","District D","2024-09-15",,40.72054321,-74.01345678,"Crime Count: 5, Predicted: 1, High Risk: Yes","Reported"
18,"Vandalism","District C","2024-12-20",,40.71234567,-74.00765432,"Crime Count: 1, Predicted: 1, High Risk: No","Reported"
19,"Assault","District B","2025-03-05",,40.71876543,-74.00219876,"Crime Count: 2, Predicted: 0, High Risk: No","Closed"
20,"Burglary","District A","2025-06-09",,40.71498765,-74.01123456,"Crime Count: 3, Predicted: 1, High Risk: No","Reported"
21,"Robbery","District C","2024-07-18",,40.71654321,-74.00876543,"Crime Count: 4, Predicted: 1, High Risk: Yes","Reported"
22,"Assault","District B","2025-02-02",,40.7194321,-74.00345678,"Crime Count: 1, Predicted: 1, High Risk: No","Reported"
23,"Burglary","District D","2025-04-27",,40.72198765,-74.01210987,"Crime Count: 5, Predicted: 1, High Risk: Yes","Reported"
24,"Vandalism","District A","2024-09-08",,40.71387654,-74.00654321,"Crime Count: 2, Predicted: 0, High Risk: No","Closed"
25,"Robbery","District C","2024-12-14",,40.71721098,-74.01098765,"Crime Count: 3, Predicted: 1, High Risk: No","Reported"
26,"Assault","District B","2025-03-06",,40.71865432,-74.00456789,"Crime Count: 1, Predicted: 0, High Risk: No","Closed"
27,"Burglary","District D","2025-05-22",,40.72087654,-74.01321098,"Crime Count: 4, Predicted: 1, High Risk: Yes","Reported"
28,"Vandalism","District A","2024-08-19",,40.71454321,-74.0074321,"Crime Count: 2, Predicted: 1, High Risk: No","Reported"
29,"Robbery","District C","2025-01-11",,40.71698765,-74.00987654,"Crime Count: 5, Predicted: 1, High Risk: Yes","Reported"
30,"Assault","District B","2025-06-04",,40.71976543,-74.00298765,"Crime Count: 3, Predicted: 1, High Risk: No","Reported"
31,"Burglary","District D","2024-07-17",,40.72154321,-74.01176543,"Crime Count: 4, Predicted: 1, High Risk: Yes","Reported"
32,"Vandalism","District A","2024-09-23",,40.71421098,-74.00812345,"Crime Count: 1, Predicted: 0, High Risk: No","Closed"
33,"Robbery","District B","2025-01-12",,40.71832109,-74.00398765,"Crime Count: 3, Predicted: 1, High Risk: No","Reported"
34,"Assault","District C","2025-05-09",,40.71676543,-74.00954321,"Crime Count: 2, Predicted: 1, High Risk: No","Reported"
35,"Burglary","District D","2024-10-30",,40.7204321,-74.01287654,"Crime Count: 5, Predicted: 1, High Risk: Yes","Reported"
36,"Vandalism","District A","2025-03-15",,40.71398765,-74.00621098,"Crime Count: 1, Predicted: 0, High Risk: No","Closed"
37,"Robbery","District B","2024-08-07",,40.71921098,-74.00476543,"Crime Count: 4, Predicted: 1, High Risk: Yes","Reported"
38,"Assault","District C","2025-02-20",,40.71787654,-74.0104321,"Crime Count: 2, Predicted: 1, High Risk: No","Reported"
39,"Burglary","District D","2025-06-11",,40.72109876,-74.01398765,"Crime Count: 5, Predicted: 1, High Risk: Yes","Reported"
40,"Vandalism","District A","2024-12-28",,40.71476543,-74.00765432,"Crime Count: 1, Predicted: 0, High Risk: No","Closed"
41,"Robbery","District B","2025-01-05",,40.71854321,-74.00234567,"Crime Count: 3, Predicted: 1, High Risk: No","Reported"
42,"Assault","District C","2025-04-14",,40.71698765,-74.00876543,"Crime Count: 2, Predicted: 0, High Risk: No","Closed"
43,"Burglary","District D","2024-07-09",,40.72065432,-74.01234567,"Crime Count: 4, Predicted: 1, High Risk: Yes","Reported"
44,"Vandalism","District A","2024-10-22",,40.7134321,-74.00698765,"Crime Count: 1, Predicted: 1, High Risk: No","Reported"
45,"Robbery","District B","2025-03-03",,40.71987654,-74.00321098,"Crime Count: 5, Predicted: 1, High Risk: Yes","Reported"
46,"Assault","District C","2025-06-18",,40.71754321,-74.0094321,"Crime Count: 2, Predicted: 1, High Risk: No","Reported"
47,"Burglary","District D","2024-08-29",,40.72176543,-74.01365432,"Crime Count: 4, Predicted: 1, High Risk: Yes","Reported"
48,"Vandalism","District A","2024-12-07",,40.71409876,-74.00787654,"Crime Count: 1, Predicted: 0, High Risk: No","Closed"
49,"Robbery","District B","2025-01-25",,40.71876543,-74.00454321,"Crime Count: 3, Predicted: 1, High Risk: No","Reported"
50,"Assault","District C","2025-05-16",,40.71721098,-74.01098765,"Crime Count: 2, Predicted: 0, High Risk: No","Closed"
51,"Burglary","District D","2024-07-11",,40.7214321,-74.01287654,"Crime Count: 4, Predicted: 1, High Risk: Yes","Reported"
52,"Vandalism","District A","2024-09-02",,40.71376543,-74.00654321,"Crime Count: 1, Predicted: 0, High Risk: No","Closed"
53,"Robbery","District B","2025-01-15",,40.71909876,-74.00387654,"Crime Count: 3, Predicted: 1, High Risk: No","Reported"
54,"Assault","District C","2025-04-24",,40.71765432,-74.00976543,"Crime Count: 2, Predicted: 1, High Risk: No","Reported"
55,"Burglary","District D","2024-10-30",,40.72098765,-74.0134321,"Crime Count: 5, Predicted: 1, High Risk: Yes","Reported"
56,"Vandalism","District A","2025-03-13",,40.71432109,-74.00721098,"Crime Count: 1, Predicted: 0, High Risk: No","Closed"
57,"Robbery","District B","2024-08-09",,40.71887654,-74.00409876,"Crime Count: 4, Predicted: 1, High Risk: Yes","Reported"
58,"Assault","District C","2025-02-21",,40.71709876,-74.01065432,"Crime Count: 2, Predicted: 1, High Risk: No","Reported"
59,"Burglary","District D","2025-06-19",,40.72176543,-74.01298765,"Crime Count: 5, Predicted: 1, High Risk: Yes","Reported"
60,"Vandalism","District A","2024-12-29",,40.71365432,-74.00687654,"Crime Count: 1, Predicted: 0, High Risk: No","Closed"
61,"Robbery","District B","2025-01-08",,40.71954321,-74.00376543,"Crime Count: 3, Predicted: 1, High Risk: No","Reported"
62,"Assault","District C","2025-05-27",,40.71698765,-74.00987654,"Crime Count: 2, Predicted: 0, High Risk: No","Closed"
63,"Burglary","District D","2024-07-10",,40.72087654,-74.01309876,"Crime Count: 4, Predicted: 1, High Risk: Yes","Reported"
64,"Vandalism","District A","2024-11-04",,40.71387654,-74.0074321,"Crime Count: 1, Predicted: 1, High Risk: No","Reported"
65,"Robbery","District B","2025-03-20",,40.71865432,-74.00476543,"Crime Count: 5, Predicted: 1, High Risk: Yes","Reported"
66,"Assault","District C","2025-06-12",,40.71776543,-74.01032109,"Crime Count: 2, Predicted: 1, High Risk: No","Reported"
67,"Burglary","District D","2024-08-23",,40.72154321,-74.0124321,"Crime Count: 4, Predicted: 1, High Risk: Yes","Reported"
68,"Vandalism","District A","2024-12-06",,40.71454321,-74.00709876,"Crime Count: 1, Predicted: 0, High Risk: No","Closed"
69,"Robbery","District B","2025-02-17",,40.71921098,-74.00421098,"Crime Count: 3, Predicted: 1, High Risk: No","Reported"
70,"Assault","District C","2025-05-28",,40.7174321,-74.01054321,"Crime Count: 2, Predicted: 0, High Risk: No","Closed"
71,"Burglary","District D","2024-09-05",,40.72187654,-74.01376543,"Crime Count: 5, Predicted: 1, High Risk: Yes","Reported"
72,"Vandalism","District A","2025-01-14",,40.71398765,-74.00698765,"Crime Count: 1, Predicted: 0, High Risk: No","Closed"
73,"Robbery","District B","2025-06-22",,40.71854321,-74.00465432,"Crime Count: 4, Predicted: 1, High Risk: Yes","Reported"
74,"Assault","District C","2024-08-11",,40.71654321,-74.0094321,"Crime Count: 2, Predicted: 1, High Risk: No","Reported"
75,"Burglary","District D","2025-03-19",,40.72065432,-74.01276543,"Crime Count: 5, Predicted: 1, High Risk: Yes","Reported"
76,"Vandalism","District A","2024-07-28",,40.7144321,-74.00754321,"Crime Count: 1, Predicted: 1, High Risk: No","Reported"
77,"Robbery","District B","2025-02-09",,40.71987654,-74.00354321,"Crime Count: 3, Predicted: 1, High Risk: No","Reported"
78,"Assault","District C","2025-05-30",,40.71732109,-74.01087654,"Crime Count: 2, Predicted: 0, High Risk: No","Closed"
79,"Burglary","District D","2024-10-16",,40.7214321,-74.01265432,"Crime Count: 4, Predicted: 1, High Risk: Yes","Reported"
80,"Vandalism","District A","2024-12-07",,40.71376543,-74.00721098,"Crime Count: 1, Predicted: 0, High Risk: No","Closed"
81,"Robbery","District B","2025-03-21",,40.71912345,-74.00432109,"Crime Count: 4, Predicted: 1, High Risk: Yes","Reported"
82,"Assault","District C","2025-06-10",,40.71687654,-74.00976543,"Crime Count: 2, Predicted: 0, High Risk: No","Closed"
83,"Burglary","District D","2024-09-14",,40.72098765,-74.01298765,"Crime Count: 5, Predicted: 1, High Risk: Yes","Reported"
84,"Vandalism","District A","2024-11-03",,40.71412345,-74.00787654,"Crime Count: 1, Predicted: 0, High Risk: No","Closed"
85,"Robbery","District B","2025-01-08",,40.71965432,-74.00398765,"Crime Count: 3, Predicted: 1, High Risk: No","Reported"
86,"Assault","District C","2025-05-25",,40.71754321,-74.01065432,"Crime Count: 2, Predicted: 1, High Risk: No","Reported"
87,"Burglary","District D","2024-07-30",,40.72176543,-74.01321098,"Crime Count: 4, Predicted: 1, High Risk: Yes","Reported"
88,"Vandalism","District A","2024-12-18",,40.71365432,-74.00654321,"Crime Count: 1, Predicted: 0, High Risk: No","Closed"
89,"Robbery","District B","2025-02-27",,40.71887654,-74.00498765,"Crime Count: 5, Predicted: 1, High Risk: Yes","Reported"
90,"Assault","District C","2025-06-16",,40.71676543,-74.00932109,"Crime Count: 2, Predicted: 0, High Risk: No","Closed"
91,"Burglary","District D","2024-08-05",,40.72154321,-74.0124321,"Crime Count: 4, Predicted: 1, High Risk: Yes","Reported"
92,"Vandalism","District A","2024-10-14",,40.71498765,-74.00876543,"Crime Count: 1, Predicted: 0, High Risk: No","Closed"
93,"Robbery","District B","2025-01-21",,40.71854321,-74.00487654,"Crime Count: 3, Predicted: 1, High Risk: No","Reported"
94,"Assault","District C","2025-03-29",,40.71709876,-74.00998765,"Crime Count: 2, Predicted: 0, High Risk: No","Closed"
95,"Burglary","District D","2024-09-17",,40.7204321,-74.01312345,"Crime Count: 5, Predicted: 1, High Risk: Yes","Reported"
96,"Vandalism","District A","2024-11-08",,40.71387654,-74.00765432,"Crime Count: 1, Predicted: 1, High Risk: No","Reported"
97,"Robbery","District B","2025-02-12",,40.71976543,-74.0034321,"Crime Count: 4, Predicted: 1, High Risk: Yes","Reported"
98,"Assault","District C","2025-06-24",,40.7164321,-74.01054321,"Crime Count: 2, Predicted: 1, High Risk: No","Reported"
99,"Burglary","District D","2024-12-02",,40.72098765,-74.01287654,"Crime Count: 5, Predicted: 1, High Risk: Yes","Reported"
100,"Vandalism","District A","2025-04-19",,40.71454321,-74.00698765,"Crime Count: 1, Predicted: 0, High Risk: No","Closed"
101,"Robbery","District B","2025-03-11",,40.71932109,-74.0054321,"Crime Count: 3, Predicted: 1, High Risk: No","Reported"
102,"Assault","District C","2025-05-28",,40.71676543,-74.00987654,"Crime Count: 2, Predicted: 0, High Risk: No","Closed"
103,"Burglary","District D","2024-09-07",,40.72121098,-74.01265432,"Crime Count: 5, Predicted: 1, High Risk: Yes","Reported"
104,"Vandalism","District A","2024-11-23",,40.71487654,-74.00754321,"Crime Count: 1, Predicted: 0, High Risk: No","Closed"
105,"Robbery","District B","2025-01-16",,40.71987654,-74.00476543,"Crime Count: 4, Predicted: 1, High Risk: Yes","Reported"
106,"Assault","District C","2025-06-04",,40.71765432,-74.01098765,"Crime Count: 2, Predicted: 1, High Risk: No","Reported"
107,"Burglary","District D","2024-08-09",,40.72187654,-74.01354321,"Crime Count: 5, Predicted: 1, High Risk: Yes","Reported"
108,"Vandalism","District A","2024-12-27",,40.71354321,-74.0064321,"Crime Count: 1, Predicted: 0, High Risk: No","Closed"
109,"Robbery","District B","2025-02-14",,40.7184321,-74.00598765,"Crime Count: 4, Predicted: 1, High Risk: Yes","Reported"
110,"Assault","District C","2025-06-22",,40.71698765,-74.00921098,"Crime Count: 2, Predicted: 0, High Risk: No","Closed"
111,"Burglary","District D","2024-07-03",,40.72076543,-74.01232109,"Crime Count: 5, Predicted: 1, High Risk: Yes","Reported"
112,"Vandalism","District A","2024-11-15",,40.71398765,-74.00821098,"Crime Count: 1, Predicted: 0, High Risk: No","Closed"
113,"Robbery","District B","2025-01-21",,40.71921098,-74.00454321,"Crime Count: 4, Predicted: 1, High Risk: Yes","Reported"
114,"Assault","District C","2025-05-30",,40.71754321,-74.0104321,"Crime Count: 2, Predicted: 1, High Risk: No","Reported"
115,"Burglary","District D","2024-08-08",,40.72154321,-74.01321098,"Crime Count: 5, Predicted: 1, High Risk: Yes","Reported"
116,"Vandalism","District A","2024-12-19",,40.71421098,-74.00787654,"Crime Count: 1, Predicted: 0, High Risk: No","Closed"
117,"Robbery","District B","2025-02-05",,40.71876543,-74.00387654,"Crime Count: 3, Predicted: 1, High Risk: No","Reported"
118,"Assault","District C","2025-06-18",,40.71687654,-74.00976543,"Crime Count: 2, Predicted: 0, High Risk: No","Closed"
119,"Burglary","District D","2024-09-26",,40.7204321,-74.01287654,"Crime Count: 4, Predicted: 1, High Risk: Yes","Reported"
120,"Vandalism","District A","2025-04-11",,40.71465432,-74.0074321,"Crime Count: 1, Predicted: 0, High Risk: No","Closed"
121,"Robbery","District B","2025-01-09",,40.71987654,-74.00421098,"Crime Count: 3, Predicted: 1, High Risk: No","Reported"
122,"Assault","District C","2025-05-25",,40.7174321,-74.01087654,"Crime Count: 2, Predicted: 1, High Risk: No","Reported"
123,"Burglary","District D","2024-07-17",,40.72198765,-74.0134321,"Crime Count: 5, Predicted: 1, High Risk: Yes","Reported"
124,"Vandalism","District A","2024-11-28",,40.71387654,-74.00854321,"Crime Count: 1, Predicted: 0, High Risk: No","Closed"
125,"Robbery","District B","2025-02-03",,40.71954321,-74.00565432,"Crime Count: 4, Predicted: 1, High Risk: Yes","Reported"
126,"Assault","District C","2025-06-14",,40.71654321,-74.0094321,"Crime Count: 2, Predicted: 0, High Risk: No","Closed"
127,"Burglary","District D","2024-08-22",,40.72221098,-74.01376543,"Crime Count: 5, Predicted: 1, High Risk: Yes","Reported"
128,"Vandalism","District A","2024-12-05",,40.71476543,-74.00776543,"Crime Count: 1, Predicted: 0, High Risk: No","Closed"
129,"Robbery","District B","2025-03-19",,40.71876543,-74.0044321,"Crime Count: 4, Predicted: 1, High Risk: Yes","Reported"
130,"Assault","District C","2025-06-26",,40.71709876,-74.01032109,"Crime Count: 2, Predicted: 1, High Risk: No","Reported"
131,"Burglary","District D","2024-09-07",,40.72065432,-74.01298765,"Crime Count: 5, Predicted: 1, High Risk: Yes","Reported"
132,"Vandalism","District A","2024-11-13",,40.71321098,-74.00865432,"Crime Count: 1, Predicted: 0, High Risk: No","Closed"
133,"Robbery","District B","2025-01-24",,40.71932109,-74.00521098,"Crime Count: 3, Predicted: 1, High Risk: No","Reported"
134,"Assault","District C","2025-05-31",,40.71765432,-74.00976543,"Crime Count: 2, Predicted: 0, High Risk: No","Closed"
135,"Burglary","District D","2024-07-15",,40.7214321,-74.01332109,"Crime Count: 5, Predicted: 1, High Risk: Yes","Reported"
136,"Vandalism","District A","2024-12-20",,40.71409876,-74.00721098,"Crime Count: 1, Predicted: 0, High Risk: No","Closed"
137,"Robbery","District B","2025-02-12",,40.71909876,-74.00487654,"Crime Count: 4, Predicted: 1, High Risk: Yes","Reported"
138,"Assault","District C","2025-06-09",,40.71654321,-74.01021098,"Crime Count: 2, Predicted: 1, High Risk: No","Reported"
139,"Burglary","District D","2024-08-30",,40.72232109,-74.01398765,"Crime Count: 5, Predicted: 1, High Risk: Yes","Reported"
140,"Vandalism","District A","2024-11-22",,40.71376543,-74.00832109,"Crime Count: 1, Predicted: 0, High Risk: No","Closed"
141,"Robbery","District B","2025-03-02",,40.71976543,-74.00454321,"Crime Count: 3, Predicted: 1, High Risk: No","Reported"
142,"Assault","District C","2025-06-27",,40.7164321,-74.00987654,"Crime Count: 2, Predicted: 0, High Risk: No","Closed"
143,"Burglary","District D","2024-09-04",,40.72176543,-74.01254321,"Crime Count: 4, Predicted: 1, High Risk: Yes","Reported"
144,"Vandalism","District A","2024-12-18",,40.7134321,-74.00898765,"Crime Count: 1, Predicted: 0, High Risk: No","Closed"
145,"Robbery","District B","2025-02-16",,40.7194321,-74.00476543,"Crime Count: 4, Predicted: 1, High Risk: Yes","Reported"
146,"Assault","District C","2025-06-21",,40.71721098,-74.00954321,"Crime Count: 2, Predicted: 1, High Risk: No","Reported"
147,"Burglary","District D","2024-08-13",,40.72209876,-74.01365432,"Crime Count: 5, Predicted: 1, High Risk: Yes","Reported"
148,"Vandalism","District A","2024-11-29",,40.71432109,-74.00765432,"Crime Count: 1, Predicted: 0, High Risk: No","Closed"
149,"Robbery","District B","2025-03-07",,40.71854321,-74.00465432,"Crime Count: 3, Predicted: 1, High Risk: No","Reported"
150,"Assault","District C","2025-06-29",,40.71676543,-74.00921098,"Crime Count: 2, Predicted: 0, High Risk: No","Closed"
151,"Burglary","District D","2024-09-11",,40.72265432,-74.01287654,"Crime Count: 5, Predicted: 1, High Risk: Yes","Reported"
152,"Vandalism","District A","2024-12-09",,40.71398765,-74.0074321,"Crime Count: 1, Predicted: 0, High Risk: No","Closed"
153,"Robbery","District B","2025-03-15",,40.71965432,-74.00409876,"Crime Count: 3, Predicted: 1, High Risk: No","Reported"
154,"Assault","District C","2025-07-05",,40.71698765,-74.00909876,"Crime Count: 2, Predicted: 0, High Risk: No","Closed"
155,"Burglary","District D","2024-08-19",,40.72187654,-74.01387654,"Crime Count: 4, Predicted: 1, High Risk: Yes","Reported"
156,"Vandalism","District A","2024-11-01",,40.71454321,-74.00798765,"Crime Count: 1, Predicted: 0, High Risk: No","Closed"
157,"Robbery","District B","2025-02-22",,40.71898765,-74.00454321,"Crime Count: 4, Predicted: 1, High Risk: Yes","Reported"
158,"Assault","District C","2025-07-02",,40.7164321,-74.0104321,"Crime Count: 2, Predicted: 1, High Risk: No","Reported"
159,"Burglary","District D","2024-09-27",,40.7224321,-74.0124321,"Crime Count: 5, Predicted: 1, High Risk: Yes","Reported"
160,"Vandalism","District A","2024-12-25",,40.71387654,-74.00809876,"Crime Count: 1, Predicted: 0, High Risk: No","Closed"
161,"Robbery","District B","2025-03-10",,40.71987654,-74.00421098,"Crime Count: 3, Predicted: 1, High Risk: No","Reported"
162,"Assault","District C","2025-06-30",,40.71721098,-74.00987654,"Crime Count: 2, Predicted: 0, High Risk: No","Closed"
163,"Burglary","District D","2024-10-02",,40.7214321,-74.01321098,"Crime Count: 5, Predicted: 1, High Risk: Yes","Reported"
164,"Vandalism","District A","2024-12-10",,40.71421098,-74.00765432,"Crime Count: 1, Predicted: 0, High Risk: No","Closed"
165,"Robbery","District B","2025-02-20",,40.71954321,-74.00476543,"Crime Count: 4, Predicted: 1, High Risk: Yes","Reported"
166,"Assault","District C","2025-07-15",,40.71676543,-74.01009876,"Crime Count: 2, Predicted: 1, High Risk: No","Reported"
167,"Burglary","District D","2024-08-18",,40.72232109,-74.01287654,"Crime Count: 4, Predicted: 1, High Risk: Yes","Reported"
168,"Vandalism","District A","2024-11-21",,40.71354321,-74.0084321,"Crime Count: 1, Predicted: 0, High Risk: No","Closed"
169,"Robbery","District B","2025-03-14",,40.71876543,-74.00465432,"Crime Count: 3, Predicted: 1, High Risk: No","Reported"
170,"Assault","District C","2025-06-25",,40.71698765,-74.00921098,"Crime Count: 2, Predicted: 0, High Risk: No","Closed"
171,"Burglary","District D","2024-09-10",,40.72254321,-74.0134321,"Crime Count: 5, Predicted: 1, High Risk: Yes","Reported"
172,"Vandalism","District A","2024-12-05",,40.71365432,-74.00787654,"Crime Count: 1, Predicted: 0, High Risk: No","Closed"
173,"Robbery","District B","2025-02-28",,40.71909876,-74.00432109,"Crime Count: 4, Predicted: 1, High Risk: Yes","Reported"
174,"Assault","District C","2025-07-20",,40.71632109,-74.00987654,"Crime Count: 2, Predicted: 1, High Risk: No","Reported"
175,"Burglary","District D","2024-10-13",,40.72198765,-74.01276543,"Crime Count: 4, Predicted: 1, High Risk: Yes","Reported"
176,"Vandalism","District A","2024-12-18",,40.71409876,-74.00876543,"Crime Count: 1, Predicted: 0, High Risk: No","Closed"
177,"Robbery","District B","2025-03-09",,40.7194321,-74.00487654,"Crime Count: 3, Predicted: 1, High Risk: No","Reported"
178,"Assault","District C","2025-06-29",,40.71687654,-74.00954321,"Crime Count: 2, Predicted: 0, High Risk: No","Closed"
179,"Burglary","District D","2024-09-15",,40.72265432,-74.01309876,"Crime Count: 5, Predicted: 1, High Risk: Yes","Reported"
180,"Vandalism","District A","2024-12-30",,40.71376543,-74.00754321,"Crime Count: 1, Predicted: 0, High Risk: No","Closed"
181,"Robbery","District B","2025-03-05",,40.71921098,-74.0044321,"Crime Count: 4, Predicted: 1, High Risk: Yes","Reported"
182,"Assault","District C","2025-07-11",,40.71654321,-74.01009876,"Crime Count: 2, Predicted: 1, High Risk: No","Reported"
183,"Burglary","District D","2024-08-25",,40.72221098,-74.01298765,"Crime Count: 5, Predicted: 1, High Risk: Yes","Reported"
184,"Vandalism","District A","2024-11-07",,40.71365432,-74.00865432,"Crime Count: 1, Predicted: 0, High Risk: No","Closed"
185,"Robbery","District B","2025-02-22",,40.71898765,-74.00476543,"Crime Count: 4, Predicted: 1, High Risk: Yes","Reported"
186,"Assault","District C","2025-06-17",,40.71709876,-74.0094321,"Crime Count: 2, Predicted: 0, High Risk: No","Closed"
187,"Burglary","District D","2024-09-20",,40.72176543,-74.01376543,"Crime Count: 5, Predicted: 1, High Risk: Yes","Reported"
188,"Vandalism","District A","2024-12-12",,40.71387654,-74.00787654,"Crime Count: 1, Predicted: 0, High Risk: No","Closed"
189,"Robbery","District B","2025-03-03",,40.71965432,-74.00465432,"Crime Count: 3, Predicted: 1, High Risk: No","Reported"
190,"Assault","District C","2025-07-05",,40.71687654,-74.00987654,"Crime Count: 2, Predicted: 0, High Risk: No","Closed"
191,"Burglary","District D","2024-10-08",,40.72254321,-74.01309876,"Crime Count: 5, Predicted: 1, High Risk: Yes","Reported"
192,"Vandalism","District A","2024-12-14",,40.71409876,-74.00765432,"Crime Count: 1, Predicted: 0, High Risk: No","Closed"
193,"Robbery","District B","2025-03-18",,40.7194321,-74.00487654,"Crime Count: 4, Predicted: 1, High Risk: Yes","Reported"
194,"Assault","District C","2025-06-25",,40.71654321,-74.00954321,"Crime Count: 2, Predicted: 0, High Risk: No","Closed"
195,"Burglary","District D","2024-09-18",,40.72221098,-74.01287654,"Crime Count: 4, Predicted: 1, High Risk: Yes","Reported"
196,"Vandalism","District A","2024-11-22",,40.71354321,-74.00821098,"Crime Count: 1, Predicted: 0, High Risk: No","Closed"
197,"Robbery","District B","2025-03-11",,40.71876543,-74.00687654,"Crime Count: 1, Predicted: 0, High Risk: No","Closed"
198,"Robbery","District B","2025-02-22",,40.71898765,-74.0044321,"Crime Count: 3, Predicted: 1, High Risk: No","Reported"
199,"Assault","District C","2025-06-14",,40.71721098,-74.00954321,"Crime Count: 2, Predicted: 1, High Risk: No","Reported"
200,"Burglary","District D","2024-08-27",,40.72176543,-74.0134321,"Crime Count: 5, Predicted: 1, High Risk: Yes","Reported"
201,"Vandalism","District A","2024-12-09",,40.71354321,-74.00721098,"Crime Count: 2, Predicted: 0, High Risk: No","Closed"
202,"Robbery","District B","2025-02-16",,40.7194321,-74.00398765,"Crime Count: 4, Predicted: 1, High Risk: Yes","Reported"
203,"Assault","District C","2025-05-05",,40.7164321,-74.01012345,"Crime Count: 3, Predicted: 1, High Risk: No","Reported"
204,"Burglary","District D","2024-09-27",,40.72065432,-74.01287654,"Crime Count: 6, Predicted: 2, High Risk: Yes","Reported"
205,"Theft","District A","2024-11-18",,40.71587654,-74.00654321,"Crime Count: 2, Predicted: 1, High Risk: No","Closed"
206,"Robbery","District B","2025-01-07",,40.71976543,-74.00465432,"Crime Count: 5, Predicted: 1, High Risk: Yes","Reported"
207,"Assault","District C","2025-06-24",,40.71765432,-74.00998765,"Crime Count: 3, Predicted: 1, High Risk: No","Reported"
208,"Burglary","District D","2024-08-15",,40.72121098,-74.01365432,"Crime Count: 4, Predicted: 2, High Risk: Yes","Reported"
209,"Theft","District A","2025-04-11",,40.71476543,-74.00787654,"Crime Count: 1, Predicted: 0, High Risk: No","Closed"
210,"Robbery","District B","2025-03-29",,40.71854321,-74.00432109,"Crime Count: 2, Predicted: 1, High Risk: No","Reported"
211,"Assault","District C","2025-07-02",,40.71698765,-74.01087654,"Crime Count: 4, Predicted: 1, High Risk: Yes","Reported"
212,"Burglary","District D","2024-10-19",,40.72154321,-74.01298765,"Crime Count: 5, Predicted: 2, High Risk: Yes","Reported"
213,"Theft","District A","2024-11-27",,40.7154321,-74.00821098,"Crime Count: 2, Predicted: 0, High Risk: No","Closed"
214,"Robbery","District B","2025-01-03",,40.71965432,-74.00376543,"Crime Count: 3, Predicted: 1, High Risk: No","Reported"
215,"Assault","District C","2025-06-22",,40.71787654,-74.00921098,"Crime Count: 2, Predicted: 1, High Risk: No","Reported"
216,"Burglary","District D","2024-08-14",,40.72087654,-74.01387654,"Crime Count: 6, Predicted: 2, High Risk: Yes","Reported"
217,"Theft","District A","2025-05-25",,40.71387654,-74.00754321,"Crime Count: 1, Predicted: 0, High Risk: No","Closed"
218,"Robbery","District B","2025-02-08",,40.71921098,-74.00498765,"Crime Count: 4, Predicted: 1, High Risk: Yes","Reported"
219,"Assault","District C","2025-06-30",,40.71676543,-74.01054321,"Crime Count: 2, Predicted: 0, High Risk: No","Reported"
220,"Burglary","District D","2024-09-21",,40.72109876,-74.0124321,"Crime Count: 5, Predicted: 2, High Risk: Yes","Reported"
221,"Theft","District A","2024-11-07",,40.71532109,-74.00676543,"Crime Count: 3, Predicted: 1, High Risk: No","Closed"
222,"Robbery","District B","2025-02-19",,40.71865432,-74.00512345,"Crime Count: 2, Predicted: 1, High Risk: No","Reported"
223,"Assault","District C","2025-05-04",,40.7174321,-74.00987654,"Crime Count: 3, Predicted: 1, High Risk: No","Reported"
224,"Burglary","District D","2024-08-13",,40.72187654,-74.01276543,"Crime Count: 6, Predicted: 2, High Risk: Yes","Reported"
225,"Theft","District A","2024-10-28",,40.71421098,-74.00854321,"Crime Count: 1, Predicted: 0, High Risk: No","Closed"
226,"Robbery","District B","2025-01-09",,40.71954321,-74.0034321,"Crime Count: 4, Predicted: 1, High Risk: Yes","Reported"
227,"Assault","District C","2025-07-26",,40.71665432,-74.01065432,"Crime Count: 2, Predicted: 1, High Risk: No","Reported"
228,"Burglary","District D","2024-09-20",,40.7204321,-74.01309876,"Crime Count: 5, Predicted: 2, High Risk: Yes","Reported"
229,"Theft","District A","2025-06-17",,40.71398765,-74.0074321,"Crime Count: 2, Predicted: 0, High Risk: No","Closed"
230,"Robbery","District B","2025-03-11",,40.71887654,-74.00487654,"Crime Count: 3, Predicted: 1, High Risk: No","Reported"
231,"Assault","District C","2025-06-01",,40.71776543,-74.00954321,"Crime Count: 4, Predicted: 1, High Risk: Yes","Reported"
232,"Burglary","District D","2024-08-29",,40.72121098,-74.01265432,"Crime Count: 6, Predicted: 2, High Risk: Yes","Reported"
233,"Theft","District A","2024-11-21",,40.71509876,-74.00698765,"Crime Count: 2, Predicted: 0, High Risk: No","Closed"
234,"Robbery","District B","2025-02-06",,40.71921098,-74.00476543,"Crime Count: 4, Predicted: 1, High Risk: Yes","Reported"
235,"Assault","District C","2025-07-18",,40.71754321,-74.00987654,"Crime Count: 2, Predicted: 0, High Risk: No","Reported"
236,"Burglary","District D","2024-09-12",,40.72076543,-74.0134321,"Crime Count: 5, Predicted: 2, High Risk: Yes","Reported"
237,"Theft","District A","2025-04-14",,40.71465432,-74.00721098,"Crime Count: 1, Predicted: 0, High Risk: No","Closed"
238,"Robbery","District B","2025-03-25",,40.7194321,-74.00432109,"Crime Count: 2, Predicted: 1, High Risk: No","Reported"
239,"Assault","District C","2025-06-08",,40.71787654,-74.01009876,"Crime Count: 3, Predicted: 1, High Risk: No","Reported"
240,"Burglary","District D","2024-08-03",,40.7214321,-74.01321098,"Crime Count: 6, Predicted: 2, High Risk: Yes","Reported"
241,"Theft","District A","2024-11-26",,40.71565432,-74.00654321,"Crime Count: 2, Predicted: 0, High Risk: No","Closed"
242,"Robbery","District B","2025-01-17",,40.71876543,-74.00454321,"Crime Count: 4, Predicted: 1, High Risk: Yes","Reported"
243,"Assault","District C","2025-07-19",,40.71732109,-74.0094321,"Crime Count: 3, Predicted: 1, High Risk: No","Reported"
244,"Burglary","District D","2024-08-30",,40.72165432,-74.01298765,"Crime Count: 5, Predicted: 2, High Risk: Yes","Reported"
245,"Theft","District A","2024-12-15",,40.7144321,-74.00787654,"Crime Count: 1, Predicted: 0, High Risk: No","Closed"
246,"Robbery","District B","2025-03-21",,40.71987654,-74.00409876,"Crime Count: 3, Predicted: 1, High Risk: No","Reported"
247,"Assault","District C","2025-06-09",,40.71754321,-74.01065432,"Crime Count: 2, Predicted: 1, High Risk: No","Reported"
248,"Burglary","District D","2024-09-27",,40.72098765,-74.01387654,"Crime Count: 6, Predicted: 2, High Risk: Yes","Reported"
249,"Theft","District A","2025-05-23",,40.71376543,-74.00732109,"Crime Count: 2, Predicted: 0, High Risk: No","Closed"
250,"Robbery","District B","2025-02-10",,40.71932109,-74.00487654,"Crime Count: 4, Predicted: 1, High Risk: Yes","Reported"
251,"Assault","District C","2025-07-14",,40.71787654,-74.01054321,"Crime Count: 3, Predicted: 1, High Risk: No","Reported"
252,"Burglary","District D","2024-09-05",,40.72176543,-74.0134321,"Crime Count: 6, Predicted: 2, High Risk: Yes","Reported"
253,"Theft","District A","2024-11-11",,40.71454321,-74.00765432,"Crime Count: 1, Predicted: 0, High Risk: No","Closed"
254,"Robbery","District B","2025-02-23",,40.71954321,-74.00476543,"Crime Count: 3, Predicted: 1, High Risk: No","Reported"
255,"Assault","District C","2025-07-02",,40.71721098,-74.01098765,"Crime Count: 2, Predicted: 1, High Risk: No","Reported"
256,"Burglary","District D","2024-09-29",,40.7204321,-74.01376543,"Crime Count: 5, Predicted: 2, High Risk: Yes","Reported"
257,"Theft","District A","2024-12-15",,40.71587654,-74.00676543,"Crime Count: 2, Predicted: 0, High Risk: No","Closed"
258,"Robbery","District B","2025-01-08",,40.71865432,-74.00432109,"Crime Count: 4, Predicted: 1, High Risk: Yes","Reported"
259,"Assault","District C","2025-06-18",,40.71754321,-74.00987654,"Crime Count: 3, Predicted: 1, High Risk: No","Reported"
260,"Burglary","District D","2024-08-09",,40.72121098,-74.01298765,"Crime Count: 6, Predicted: 2, High Risk: Yes","Reported"
261,"Theft","District A","2024-11-19",,40.71487654,-74.0074321,"Crime Count: 1, Predicted: 0, High Risk: No","Closed"
262,"Robbery","District B","2025-02-03",,40.71976543,-74.00498765,"Crime Count: 4, Predicted: 1, High Risk: Yes","Reported"
263,"Assault","District C","2025-07-22",,40.7174321,-74.0104321,"Crime Count: 2, Predicted: 1, High Risk: No","Reported"
264,"Burglary","District D","2024-09-14",,40.72076543,-74.01365432,"Crime Count: 5, Predicted: 2, High Risk: Yes","Reported"
265,"Theft","District A","2024-10-27",,40.71532109,-74.00698765,"Crime Count: 2, Predicted: 0, High Risk: No","Closed"
266,"Robbery","District B","2025-03-12",,40.7194321,-74.00454321,"Crime Count: 3, Predicted: 1, High Risk: No","Reported"
267,"Assault","District C","2025-06-01",,40.71776543,-74.01076543,"Crime Count: 2, Predicted: 1, High Risk: No","Reported"
268,"Burglary","District D","2024-08-24",,40.72154321,-74.01276543,"Crime Count: 6, Predicted: 2, High Risk: Yes","Reported"
269,"Theft","District A","2024-12-06",,40.71476543,-74.00721098,"Crime Count: 1, Predicted: 0, High Risk: No","Closed"
270,"Robbery","District B","2025-01-16",,40.71898765,-74.00421098,"Crime Count: 4, Predicted: 1, High Risk: Yes","Reported"
271,"Assault","District C","2025-07-28",,40.71787654,-74.01012345,"Crime Count: 3, Predicted: 1, High Risk: No","Reported"
272,"Burglary","District D","2024-09-18",,40.72121098,-74.01387654,"Crime Count: 5, Predicted: 2, High Risk: Yes","Reported"
273,"Theft","District A","2024-11-25",,40.7154321,-74.00721098,"Crime Count: 2, Predicted: 0, High Risk: No","Closed"
274,"Robbery","District B","2025-02-04",,40.71921098,-74.00487654,"Crime Count: 3, Predicted: 1, High Risk: No","Reported"
275,"Assault","District C","2025-06-09",,40.7174321,-74.01054321,"Crime Count: 2, Predicted: 1, High Risk: No","Reported"
276,"Burglary","District D","2024-08-27",,40.72176543,-74.01321098,"Crime Count: 6, Predicted: 2, High Risk: Yes","Reported"
277,"Theft","District A","2024-12-14",,40.71487654,-74.00754321,"Crime Count: 1, Predicted: 0, High Risk: No","Closed"
278,"Robbery","District B","2025-01-22",,40.71876543,-74.00421098,"Crime Count: 4, Predicted: 1, High Risk: Yes","Reported"
279,"Assault","District C","2025-07-13",,40.71721098,-74.01087654,"Crime Count: 3, Predicted: 1, High Risk: No","Reported"
280,"Burglary","District D","2024-10-05",,40.72154321,-74.01298765,"Crime Count: 5, Predicted: 2, High Risk: Yes","Reported"
281,"Theft","District A","2024-11-17",,40.71498765,-74.00776543,"Crime Count: 2, Predicted: 0, High Risk: No","Closed"
282,"Robbery","District B","2025-03-02",,40.71954321,-74.00465432,"Crime Count: 4, Predicted: 1, High Risk: Yes","Reported"
283,"Assault","District C","2025-07-24",,40.71787654,-74.0104321,"Crime Count: 2, Predicted: 1, High Risk: No","Reported"
284,"Burglary","District D","2024-09-12",,40.72109876,-74.01354321,"Crime Count: 6, Predicted: 2, High Risk: Yes","Reported"
285,"Theft","District A","2024-10-30",,40.71521098,-74.00698765,"Crime Count: 1, Predicted: 0, High Risk: No","Closed"
286,"Robbery","District B","2025-02-14",,40.71987654,-74.00454321,"Crime Count: 3, Predicted: 1, High Risk: No","Reported"
287,"Assault","District C","2025-06-07",,40.7174321,-74.01076543,"Crime Count: 2, Predicted: 1, High Risk: No","Reported"
288,"Burglary","District D","2024-08-20",,40.72176543,-74.0124321,"Crime Count: 5, Predicted: 2, High Risk: Yes","Reported"
289,"Theft","District A","2024-12-05",,40.71476543,-74.00709876,"Crime Count: 2, Predicted: 0, High Risk: No","Closed"
290,"Robbery","District B","2025-01-19",,40.71854321,-74.00498765,"Crime Count: 4, Predicted: 1, High Risk: Yes","Reported"
291,"Assault","District C","2025-07-28",,40.71787654,-74.01012345,"Crime Count: 3, Predicted: 1, High Risk: No","Reported"
292,"Burglary","District D","2024-09-18",,40.72121098,-74.01387654,"Crime Count: 5, Predicted: 2, High Risk: Yes","Reported"
293,"Theft","District A","2024-11-25",,40.7154321,-74.00721098,"Crime Count: 2, Predicted: 0, High Risk: No","Closed"
294,"Robbery","District B","2025-02-04",,40.71921098,-74.00487654,"Crime Count: 3, Predicted: 1, High Risk: No","Reported"
295,"Assault","District C","2025-06-09",,40.7174321,-74.01054321,"Crime Count: 2, Predicted: 1, High Risk: No","Reported"
296,"Burglary","District D","2024-08-27",,40.72176543,-74.01321098,"Crime Count: 6, Predicted: 2, High Risk: Yes","Reported"
297,"Theft","District A","2024-12-14",,40.71487654,-74.00754321,"Crime Count: 1, Predicted: 0, High Risk: No","Closed"
298,"Robbery","District B","2025-01-22",,40.71876543,-74.00421098,"Crime Count: 4, Predicted: 1, High Risk: Yes","Reported"
299,"Assault","District C","2025-07-13",,40.71721098,-74.01087654,"Crime Count: 3, Predicted: 1, High Risk: No","Reported"
300,"Burglary","District D","2024-10-05",,40.72154321,-74.01298765,"Crime Count: 5, Predicted: 2, High Risk: Yes","Reported"
301,"Theft","District A","2024-11-17",,40.71498765,-74.00776543,"Crime Count: 2, Predicted: 0, High Risk: No","Closed"
302,"Robbery","District B","2025-03-02",,40.71954321,-74.00465432,"Crime Count: 4, Predicted: 1, High Risk: Yes","Reported"
303,"Assault","District C","2025-07-24",,40.71787654,-74.0104321,"Crime Count: 2, Predicted: 1, High Risk: No","Reported"
304,"Burglary","District D","2024-09-12",,40.72109876,-74.01354321,"Crime Count: 6, Predicted: 2, High Risk: Yes","Reported"
305,"Theft","District A","2024-10-30",,40.71521098,-74.00698765,"Crime Count: 1, Predicted: 0, High Risk: No","Closed"
306,"Robbery","District B","2025-02-14",,40.71987654,-74.00454321,"Crime Count: 3, Predicted: 1, High Risk: No","Reported"
307,"Assault","District C","2025-06-07",,40.7174321,-74.01076543,"Crime Count: 2, Predicted: 1, High Risk: No","Reported"
308,"Burglary","District D","2024-08-20",,40.72176543,-74.0124321,"Crime Count: 5, Predicted: 2, High Risk: Yes","Reported"
309,"Theft","District A","2024-12-05",,40.71476543,-74.00709876,"Crime Count: 2, Predicted: 0, High Risk: No","Closed"
310,"Robbery","District B","2025-01-19",,40.71854321,-74.00498765,"Crime Count: 4, Predicted: 1, High Risk: Yes","Reported"
311,"Assault","District C","2025-07-28",,40.71765432,-74.01065432,"Crime Count: 3, Predicted: 1, High Risk: No","Reported"
312,"Burglary","District D","2024-09-17",,40.72121098,-74.0134321,"Crime Count: 5, Predicted: 2, High Risk: Yes","Reported"
313,"Theft","District A","2024-11-26",,40.71576543,-74.00776543,"Crime Count: 2, Predicted: 0, High Risk: No","Closed"
314,"Robbery","District B","2025-02-04",,40.71965432,-74.00454321,"Crime Count: 3, Predicted: 1, High Risk: No","Reported"
315,"Assault","District C","2025-06-11",,40.7174321,-74.01087654,"Crime Count: 2, Predicted: 1, High Risk: No","Reported"
316,"Burglary","District D","2024-08-27",,40.72176543,-74.01365432,"Crime Count: 6, Predicted: 2, High Risk: Yes","Reported"
317,"Theft","District A","2024-12-15",,40.71521098,-74.00754321,"Crime Count: 1, Predicted: 0, High Risk: No","Closed"
318,"Robbery","District B","2025-01-23",,40.7194321,-74.00476543,"Crime Count: 4, Predicted: 1, High Risk: Yes","Reported"
319,"Assault","District C","2025-07-14",,40.71787654,-74.01021098,"Crime Count: 3, Predicted: 1, High Risk: No","Reported"
320,"Burglary","District D","2024-10-06",,40.72109876,-74.01387654,"Crime Count: 5, Predicted: 2, High Risk: Yes","Reported"
321,"Theft","District A","2024-11-19",,40.71565432,-74.0074321,"Crime Count: 2, Predicted: 0, High Risk: No","Closed"
322,"Robbery","District B","2025-03-05",,40.71976543,-74.00432109,"Crime Count: 4, Predicted: 1, High Risk: Yes","Reported"
323,"Assault","District C","2025-07-23",,40.71754321,-74.01065432,"Crime Count: 2, Predicted: 1, High Risk: No","Reported"
324,"Burglary","District D","2024-09-13",,40.72154321,-74.0134321,"Crime Count: 6, Predicted: 2, High Risk: Yes","Reported"
325,"Theft","District A","2024-11-01",,40.7154321,-74.00787654,"Crime Count: 1, Predicted: 0, High Risk: No","Closed"
326,"Robbery","District B","2025-02-15",,40.71921098,-74.00454321,"Crime Count: 3, Predicted: 1, High Risk: No","Reported"
327,"Assault","District C","2025-06-08",,40.71765432,-74.01098765,"Crime Count: 2, Predicted: 1, High Risk: No","Reported"
328,"Burglary","District D","2024-08-19",,40.72187654,-74.01254321,"Crime Count: 5, Predicted: 2, High Risk: Yes","Reported"
329,"Theft","District A","2024-12-07",,40.71509876,-74.00721098,"Crime Count: 2, Predicted: 0, High Risk: No","Closed"
330,"Robbery","District B","2025-01-20",,40.71909876,-74.00498765,"Crime Count: 4, Predicted: 1, High Risk: Yes","Reported"
331,"Assault","District C","2025-07-28",,40.7174321,-74.01076543,"Crime Count: 3, Predicted: 1, High Risk: No","Reported"
332,"Burglary","District D","2024-09-18",,40.72132109,-74.01365432,"Crime Count: 6, Predicted: 2, High Risk: Yes","Reported"
333,"Theft","District A","2024-11-26",,40.71576543,-74.00754321,"Crime Count: 2, Predicted: 0, High Risk: No","Closed"
334,"Robbery","District B","2025-02-03",,40.71954321,-74.0044321,"Crime Count: 3, Predicted: 1, High Risk: No","Reported"
335,"Assault","District C","2025-06-09",,40.71787654,-74.01098765,"Crime Count: 2, Predicted: 1, High Risk: No","Reported"
336,"Burglary","District D","2024-08-28",,40.7214321,-74.01321098,"Crime Count: 6, Predicted: 2, High Risk: Yes","Reported"
337,"Theft","District A","2024-12-14",,40.7154321,-74.00787654,"Crime Count: 1, Predicted: 0, High Risk: No","Closed"
338,"Robbery","District B","2025-01-22",,40.71987654,-74.00476543,"Crime Count: 4, Predicted: 1, High Risk: Yes","Reported"
339,"Assault","District C","2025-07-13",,40.71765432,-74.01032109,"Crime Count: 3, Predicted: 1, High Risk: No","Reported"
340,"Burglary","District D","2024-10-05",,40.72154321,-74.01309876,"Crime Count: 5, Predicted: 2, High Risk: Yes","Reported"
341,"Theft","District A","2024-11-17",,40.7154321,-74.00798765,"Crime Count: 2, Predicted: 0, High Risk: No","Closed"
342,"Robbery","District B","2025-03-02",,40.71921098,-74.00487654,"Crime Count: 4, Predicted: 1, High Risk: Yes","Reported"
343,"Assault","District C","2025-07-24",,40.71721098,-74.01054321,"Crime Count: 2, Predicted: 1, High Risk: No","Reported"
344,"Burglary","District D","2024-09-12",,40.72154321,-74.01321098,"Crime Count: 6, Predicted: 2, High Risk: Yes","Reported"
345,"Theft","District A","2024-10-30",,40.71576543,-74.00787654,"Crime Count: 1, Predicted: 0, High Risk: No","Closed"
346,"Robbery","District B","2025-02-14",,40.71976543,-74.00465432,"Crime Count: 3, Predicted: 1, High Risk: No","Reported"
347,"Assault","District C","2025-06-07",,40.71754321,-74.01098765,"Crime Count: 2, Predicted: 1, High Risk: No","Reported"
348,"Burglary","District D","2024-08-20",,40.72187654,-74.01254321,"Crime Count: 5, Predicted: 2, High Risk: Yes","Reported"
349,"Theft","District A","2024-11-11",,40.71487654,-74.00787654,"Crime Count: 1, Predicted: 0, High Risk: No","Closed"
350,"Robbery","District B","2025-03-22",,40.71987654,-74.00498765,"Crime Count: 4, Predicted: 1, High Risk: Yes","Reported"
351,"Assault","District C","2025-04-05",,40.71234567,-74.00567891,"Crime Count: 2, Predicted: 1, High Risk: No","Open"
352,"Burglary","District D","2025-02-14",,40.71678901,-74.00345678,"Crime Count: 3, Predicted: 0, High Risk: No","Closed"
353,"Vandalism","District A","2025-06-19",,40.71321098,-74.00987654,"Crime Count: 5, Predicted: 1, High Risk: Yes","Reported"
354,"Shooting","District B","2025-07-28",,40.71865432,-74.00876543,"Crime Count: 1, Predicted: 0, High Risk: No","Under Investigation"
355,"Theft","District C","2025-08-10",,40.71098765,-74.00654321,"Crime Count: 4, Predicted: 2, High Risk: Yes","Open"
356,"Robbery","District D","2025-05-22",,40.7154321,-74.00432109,"Crime Count: 6, Predicted: 2, High Risk: Yes","Reported"
357,"Assault","District A","2025-01-01",,40.71912345,-74.00298765,"Crime Count: 2, Predicted: 0, High Risk: No","Closed"
358,"Burglary","District B","2025-03-11",,40.71765432,-74.00187654,"Crime Count: 3, Predicted: 1, High Risk: No","Open"
359,"Vandalism","District C","2025-09-07",,40.71287654,-74.00765432,"Crime Count: 4, Predicted: 2, High Risk: Yes","Under Investigation"
360,"Shooting","District D","2025-10-25",,40.71476543,-74.0064321,"Crime Count: 2, Predicted: 1, High Risk: Yes","Reported"
361,"Theft","District A","2024-11-13",,40.71356789,-74.00512345,"Crime Count: 1, Predicted: 0, High Risk: No","Closed"
362,"Robbery","District B","2025-01-04",,40.71876543,-74.00321098,"Crime Count: 5, Predicted: 2, High Risk: Yes","Open"
363,"Assault","District C","2025-02-18",,40.7104321,-74.00787654,"Crime Count: 2, Predicted: 0, High Risk: No","Reported"
364,"Burglary","District D","2025-04-12",,40.71621098,-74.00456789,"Crime Count: 4, Predicted: 1, High Risk: Yes","Under Investigation"
365,"Vandalism","District A","2025-06-23",,40.71176543,-74.00698765,"Crime Count: 3, Predicted: 0, High Risk: No","Closed"
366,"Shooting","District B","2025-07-14",,40.71954321,-74.00812345,"Crime Count: 6, Predicted: 3, High Risk: Yes","Open"
367,"Theft","District C","2025-08-02",,40.71210987,-74.0054321,"Crime Count: 2, Predicted: 1, High Risk: No","Reported"
368,"Robbery","District D","2025-09-20",,40.71598765,-74.00376543,"Crime Count: 3, Predicted: 1, High Risk: Yes","Under Investigation"
369,"Assault","District A","2025-10-30",,40.71387654,-74.00298765,"Crime Count: 1, Predicted: 0, High Risk: No","Closed"
370,"Burglary","District B","2025-11-15",,40.71765432,-74.00912345,"Crime Count: 4, Predicted: 2, High Risk: Yes","Reported"
371,"Vandalism","District C","2025-01-19",,40.71109876,-74.00621098,"Crime Count: 2, Predicted: 1, High Risk: No","Open"
372,"Shooting","District D","2025-02-24",,40.71987654,-74.00787654,"Crime Count: 5, Predicted: 2, High Risk: Yes","Under Investigation"
373,"Theft","District A","2025-03-09",,40.71498765,-74.00598765,"Crime Count: 3, Predicted: 1, High Risk: No","Closed"
374,"Robbery","District B","2025-04-29",,40.71812345,-74.00456789,"Crime Count: 2, Predicted: 0, High Risk: No","Reported"
375,"Assault","District C","2025-05-07",,40.71065432,-74.00345678,"Crime Count: 6, Predicted: 2, High Risk: Yes","Open"
376,"Burglary","District D","2025-06-18",,40.7164321,-74.00987654,"Crime Count: 3, Predicted: 1, High Risk: No","Closed"
377,"Vandalism","District A","2025-07-20",,40.71376543,-74.00854321,"Crime Count: 4, Predicted: 2, High Risk: Yes","Reported"
378,"Shooting","District B","2025-08-01",,40.71921098,-74.00612345,"Crime Count: 2, Predicted: 0, High Risk: No","Under Investigation"
379,"Theft","District C","2025-09-12",,40.71187654,-74.0054321,"Crime Count: 5, Predicted: 2, High Risk: Yes","Open"
380,"Robbery","District D","2025-10-23",,40.71512345,-74.00476543,"Crime Count: 3, Predicted: 1, High Risk: Yes","Reported"
381,"Assault","District A","2025-11-04",,40.71321098,-74.00287654,"Crime Count: 1, Predicted: 0, High Risk: No","Closed"
382,"Burglary","District B","2025-01-15",,40.71709876,-74.00921098,"Crime Count: 4, Predicted: 2, High Risk: Yes","Open"
383,"Vandalism","District C","2025-02-20",,40.7114321,-74.00676543,"Crime Count: 2, Predicted: 0, High Risk: No","Under Investigation"
384,"Shooting","District D","2025-03-25",,40.71954321,-74.00721098,"Crime Count: 5, Predicted: 3, High Risk: Yes","Reported"
385,"Theft","District A","2025-04-30",,40.71465432,-74.00587654,"Crime Count: 3, Predicted: 1, High Risk: No","Closed"
386,"Robbery","District B","2025-05-11",,40.71876543,-74.00421098,"Crime Count: 2, Predicted: 1, High Risk: Yes","Open"
387,"Assault","District C","2025-06-19",,40.71098765,-74.00354321,"Crime Count: 4, Predicted: 1, High Risk: No","Reported"
388,"Burglary","District D","2025-07-29",,40.71676543,-74.00965432,"Crime Count: 3, Predicted: 2, High Risk: Yes","Under Investigation"
389,"Vandalism","District A","2025-08-07",,40.71354321,-74.00898765,"Crime Count: 2, Predicted: 0, High Risk: No","Closed"
390,"Shooting","District B","2025-09-18",,40.71987654,-74.0064321,"Crime Count: 6, Predicted: 3, High Risk: Yes","Reported"
391,"Theft","District C","2025-10-24",,40.71265432,-74.00532109,"Crime Count: 4, Predicted: 1, High Risk: No","Open"
392,"Robbery","District D","2025-11-12",,40.71587654,-74.00465432,"Crime Count: 5, Predicted: 2, High Risk: Yes","Under Investigation"
393,"Assault","District A","2025-01-20",,40.7134321,-74.00276543,"Crime Count: 1, Predicted: 0, High Risk: No","Closed"
394,"Burglary","District B","2025-02-04",,40.71787654,-74.00954321,"Crime Count: 4, Predicted: 2, High Risk: Yes","Reported"
395,"Vandalism","District C","2025-03-16",,40.71176543,-74.00687654,"Crime Count: 3, Predicted: 1, High Risk: No","Open"
396,"Shooting","District D","2025-04-28",,40.7194321,-74.00732109,"Crime Count: 5, Predicted: 3, High Risk: Yes","Closed"
397,"Theft","District A","2025-05-09",,40.71487654,-74.00587654,"Crime Count: 2, Predicted: 1, High Risk: No","Open"
398,"Robbery","District B","2025-05-21",,40.71876543,-74.00476543,"Crime Count: 5, Predicted: 2, High Risk: Yes","Reported"
399,"Assault","District C","2025-06-02",,40.71198765,-74.00321098,"Crime Count: 3, Predicted: 1, High Risk: No","Closed"
400,"Burglary","District D","2025-06-15",,40.71654321,-74.00987654,"Crime Count: 4, Predicted: 2, High Risk: Yes","Under Investigation"
401,"Vandalism","District A","2025-06-28",,40.71376543,-74.0064321,"Crime Count: 2, Predicted: 0, High Risk: No","Reported"
402,"Shooting","District B","2025-07-04",,40.71987654,-74.00876543,"Crime Count: 6, Predicted: 3, High Risk: Yes","Open"
403,"Theft","District C","2025-07-11",,40.71254321,-74.00521098,"Crime Count: 3, Predicted: 1, High Risk: No","Closed"
404,"Robbery","District D","2025-07-20",,40.71565432,-74.00432109,"Crime Count: 4, Predicted: 2, High Risk: Yes","Reported"
405,"Assault","District A","2025-07-30",,40.71321098,-74.00298765,"Crime Count: 1, Predicted: 0, High Risk: No","Under Investigation"
406,"Burglary","District B","2025-08-12",,40.7174321,-74.00954321,"Crime Count: 5, Predicted: 2, High Risk: Yes","Open"
407,"Vandalism","District C","2025-08-25",,40.71187654,-74.00687654,"Crime Count: 2, Predicted: 1, High Risk: No","Closed"
408,"Shooting","District D","2025-09-01",,40.71921098,-74.00765432,"Crime Count: 6, Predicted: 3, High Risk: Yes","Reported"
409,"Theft","District A","2025-09-14",,40.71476543,-74.00565432,"Crime Count: 3, Predicted: 1, High Risk: No","Open"
410,"Robbery","District B","2025-09-27",,40.71854321,-74.00487654,"Crime Count: 5, Predicted: 2, High Risk: Yes","Closed"
411,"Assault","District C","2025-10-05",,40.71098765,-74.00376543,"Crime Count: 2, Predicted: 0, High Risk: No","Reported"
412,"Burglary","District D","2025-10-18",,40.71676543,-74.00912345,"Crime Count: 4, Predicted: 1, High Risk: Yes","Under Investigation"
413,"Vandalism","District A","2025-10-29",,40.7134321,-74.00654321,"Crime Count: 2, Predicted: 1, High Risk: No","Open"
414,"Shooting","District B","2025-11-07",,40.71987654,-74.00832109,"Crime Count: 6, Predicted: 2, High Risk: Yes","Closed"
415,"Theft","District C","2025-11-19",,40.71265432,-74.00598765,"Crime Count: 3, Predicted: 1, High Risk: No","Reported"
416,"Robbery","District D","2025-11-28",,40.71587654,-74.00454321,"Crime Count: 5, Predicted: 2, High Risk: Yes","Open"
417,"Assault","District A","2025-12-06",,40.71387654,-74.00321098,"Crime Count: 2, Predicted: 0, High Risk: No","Closed"
418,"Burglary","District B","2025-12-15",,40.71721098,-74.00976543,"Crime Count: 4, Predicted: 2, High Risk: Yes","Reported"
419,"Vandalism","District C","2025-12-22",,40.71154321,-74.0064321,"Crime Count: 3, Predicted: 1, High Risk: No","Open"
420,"Shooting","District D","2025-12-30",,40.7194321,-74.00721098,"Crime Count: 5, Predicted: 3, High Risk: Yes","Under Investigation"
421,"Theft","District A","2026-01-08",,40.71476543,-74.00521098,"Crime Count: 2, Predicted: 1, High Risk: No","Closed"
422,"Robbery","District B","2026-01-17",,40.71887654,-74.00465432,"Crime Count: 6, Predicted: 2, High Risk: Yes","Reported"
423,"Assault","District C","2026-01-26",,40.71098765,-74.0034321,"Crime Count: 1, Predicted: 0, High Risk: No","Open"
424,"Burglary","District D","2026-02-03",,40.71654321,-74.00998765,"Crime Count: 3, Predicted: 1, High Risk: Yes","Closed"
425,"Vandalism","District A","2026-02-12",,40.71321098,-74.00687654,"Crime Count: 4, Predicted: 2, High Risk: Yes","Reported"
426,"Shooting","District B","2026-02-21",,40.71976543,-74.00876543,"Crime Count: 6, Predicted: 3, High Risk: Yes","Under Investigation"
427,"Theft","District C","2026-03-01",,40.71287654,-74.0054321,"Crime Count: 2, Predicted: 1, High Risk: No","Open"
428,"Robbery","District D","2026-03-10",,40.71554321,-74.00487654,"Crime Count: 5, Predicted: 2, High Risk: Yes","Closed"
429,"Assault","District A","2026-03-19",,40.71398765,-74.00276543,"Crime Count: 3, Predicted: 1, High Risk: No","Reported"
430,"Burglary","District B","2026-03-27",,40.71765432,-74.0094321,"Crime Count: 4, Predicted: 2, High Risk: Yes","Open"
431,"Vandalism","District C","2026-04-05",,40.71165432,-74.00632109,"Crime Count: 2, Predicted: 0, High Risk: No","Closed"
432,"Shooting","District D","2026-04-15",,40.71954321,-74.00787654,"Crime Count: 6, Predicted: 3, High Risk: Yes","Reported"
433,"Theft","District A","2026-04-24",,40.71421098,-74.00576543,"Crime Count: 3, Predicted: 1, High Risk: No","Under Investigation"
434,"Robbery","District B","2026-05-02",,40.7184321,-74.00454321,"Crime Count: 5, Predicted: 2, High Risk: Yes","Open"
435,"Assault","District C","2026-05-11",,40.71054321,-74.00398765,"Crime Count: 2, Predicted: 0, High Risk: No","Closed"
436,"Burglary","District D","2026-05-20",,40.71687654,-74.00987654,"Crime Count: 4, Predicted: 1, High Risk: Yes","Reported"
437,"Vandalism","District A","2026-05-28",,40.71376543,-74.00654321,"Crime Count: 2, Predicted: 1, High Risk: No","Open"
438,"Shooting","District B","2026-06-06",,40.71987654,-74.00821098,"Crime Count: 5, Predicted: 3, High Risk: Yes","Closed"
439,"Theft","District C","2026-06-15",,40.71276543,-74.0054321,"Crime Count: 3, Predicted: 1, High Risk: No","Reported"
440,"Robbery","District D","2026-06-23",,40.7154321,-74.00465432,"Crime Count: 6, Predicted: 2, High Risk: Yes","Under Investigation"
441,"Assault","District A","2026-07-01",,40.71398765,-74.00376543,"Crime Count: 2, Predicted: 0, High Risk: No","Open"
442,"Burglary","District B","2026-07-10",,40.71765432,-74.00921098,"Crime Count: 4, Predicted: 2, High Risk: Yes","Closed"
443,"Burglary","District A","2025-01-15",,40.71398765,-74.00876543,"Crime Count: 3, Predicted: 1, High Risk: No","Closed"
444,"Theft","District C","2025-02-28",,40.71865432,-74.00345678,"Crime Count: 7, Predicted: 2, High Risk: Yes","Reported"
445,"Robbery","District B","2025-03-05",,40.71654321,-74.00654321,"Crime Count: 5, Predicted: 2, High Risk: Yes","Open"
446,"Assault","District D","2025-03-11",,40.71912345,-74.00456789,"Crime Count: 2, Predicted: 1, High Risk: No","Closed"
447,"Vandalism","District A","2025-03-18",,40.71456789,-74.00712345,"Crime Count: 6, Predicted: 2, High Risk: Yes","Reported"
448,"Theft","District E","2025-03-23",,40.72098765,-74.00234567,"Crime Count: 4, Predicted: 1, High Risk: No","Open"
449,"Robbery","District F","2025-03-25",,40.72123456,-74.00198765,"Crime Count: 8, Predicted: 3, High Risk: Yes","Reported"
450,"Burglary","District C","2025-03-29",,40.71765432,-74.00567891,"Crime Count: 5, Predicted: 2, High Risk: No","Closed"
451,"Assault","District D","2025-04-01",,40.71598765,-74.00612345,"Crime Count: 3, Predicted: 1, High Risk: No","Open"
452,"Theft","District B","2025-04-04",,40.71987654,-74.00398765,"Crime Count: 9, Predicted: 4, High Risk: Yes","Reported"
453,"Vandalism","District A","2025-04-07",,40.71434567,-74.00823456,"Crime Count: 4, Predicted: 1, High Risk: No","Closed"
454,"Robbery","District E","2025-04-10",,40.72065432,-74.00287654,"Crime Count: 6, Predicted: 2, High Risk: Yes","Open"
455,"Burglary","District F","2025-04-12",,40.72187654,-74.00154321,"Crime Count: 2, Predicted: 1, High Risk: No","Reported"
456,"Theft","District C","2025-04-15",,40.71834567,-74.00465432,"Crime Count: 7, Predicted: 3, High Risk: Yes","Closed"
457,"Assault","District B","2025-04-17",,40.71698765,-74.00687654,"Crime Count: 4, Predicted: 2, High Risk: No","Open"
458,"Robbery","District D","2025-04-20",,40.71912345,-74.00598765,"Crime Count: 5, Predicted: 2, High Risk: Yes","Reported"
459,"Vandalism","District A","2025-04-23",,40.7154321,-74.00765432,"Crime Count: 3, Predicted: 1, High Risk: No","Closed"
460,"Theft","District F","2025-04-25",,40.72212345,-74.00123456,"Crime Count: 10, Predicted: 4, High Risk: Yes","Reported"
461,"Burglary","District C","2025-04-28",,40.71787654,-74.00412345,"Crime Count: 6, Predicted: 2, High Risk: No","Open"
462,"Robbery","District B","2025-05-01",,40.71976543,-74.00387654,"Crime Count: 7, Predicted: 3, High Risk: Yes","Closed"
463,"Assault","District A","2025-05-03",,40.71487654,-74.00787654,"Crime Count: 2, Predicted: 1, High Risk: No","Reported"
464,"Vandalism","District D","2025-05-06",,40.71965432,-74.00487654,"Crime Count: 8, Predicted: 3, High Risk: Yes","Open"
465,"Theft","District E","2025-05-08",,40.72054321,-74.00276543,"Crime Count: 5, Predicted: 2, High Risk: No","Closed"
466,"Burglary","District F","2025-05-11",,40.72198765,-74.00187654,"Crime Count: 3, Predicted: 1, High Risk: No","Reported"
467,"Robbery","District C","2025-05-13",,40.71876543,-74.00454321,"Crime Count: 6, Predicted: 2, High Risk: Yes","Open"
468,"Assault","District B","2025-05-16",,40.71654321,-74.00623456,"Crime Count: 4, Predicted: 2, High Risk: No","Closed"
469,"Theft","District A","2025-05-18",,40.71587654,-74.00712345,"Crime Count: 9, Predicted: 3, High Risk: Yes","Reported"
470,"Vandalism","District D","2025-05-21",,40.71987654,-74.00412345,"Crime Count: 5, Predicted: 2, High Risk: No","Open"
471,"Robbery","District E","2025-05-24",,40.72098765,-74.00254321,"Crime Count: 7, Predicted: 3, High Risk: Yes","Closed"
472,"Burglary","District F","2025-05-26",,40.72234567,-74.00176543,"Crime Count: 4, Predicted: 1, High Risk: No","Reported"
473,"Theft","District C","2025-05-29",,40.71898765,-74.00476543,"Crime Count: 8, Predicted: 3, High Risk: Yes","Open"
474,"Assault","District B","2025-06-01",,40.71687654,-74.00676543,"Crime Count: 2, Predicted: 1, High Risk: No","Closed"
475,"Vandalism","District A","2025-06-04",,40.71523456,-74.00765432,"Crime Count: 6, Predicted: 2, High Risk: No","Reported"
476,"Robbery","District D","2025-06-06",,40.71954321,-74.00465432,"Crime Count: 7, Predicted: 3, High Risk: Yes","Open"
477,"Burglary","District E","2025-06-09",,40.72112345,-74.00234567,"Crime Count: 3, Predicted: 1, High Risk: No","Closed"
478,"Theft","District F","2025-06-12",,40.72265432,-74.00198765,"Crime Count: 9, Predicted: 4, High Risk: Yes","Reported"
479,"Assault","District C","2025-06-15",,40.71854321,-74.00487654,"Crime Count: 4, Predicted: 2, High Risk: No","Open"
480,"Vandalism","District B","2025-06-18",,40.7174321,-74.00654321,"Crime Count: 5, Predicted: 2, High Risk: Yes","Closed"
481,"Robbery","District A","2025-06-21",,40.71476543,-74.0074321,"Crime Count: 8, Predicted: 3, High Risk: Yes","Reported"
482,"Burglary","District D","2025-06-24",,40.71987654,-74.00434567,"Crime Count: 4, Predicted: 1, High Risk: No","Open"
483,"Theft","District E","2025-06-27",,40.72154321,-74.00287654,"Crime Count: 7, Predicted: 3, High Risk: Yes","Closed"
484,"Assault","District F","2025-06-29",,40.72276543,-74.00165432,"Crime Count: 2, Predicted: 1, High Risk: No","Reported"
485,"Vandalism","District C","2025-07-02",,40.71865432,-74.00412345,"Crime Count: 6, Predicted: 2, High Risk: No","Open"
486,"Robbery","District B","2025-07-05",,40.71787654,-74.00676543,"Crime Count: 7, Predicted: 3, High Risk: Yes","Closed"
487,"Burglary","District A","2025-07-08",,40.71598765,-74.00787654,"Crime Count: 3, Predicted: 1, High Risk: No","Reported"
488,"Theft","District D","2025-07-11",,40.71954321,-74.00498765,"Crime Count: 8, Predicted: 3, High Risk: Yes","Open"
489,"Robbery","District C","2025-04-15",,40.71490012,-74.00891234,"Crime Count: 2, Predicted: 0, High Risk: No","Closed"
490,"Burglary","District A","2025-04-18",,40.71612345,-74.00987654,"Crime Count: 5, Predicted: 2, High Risk: Yes","Reported"
491,"Fraud","District B","2025-04-19",,40.71876543,-74.0054321,"Crime Count: 3, Predicted: 1, High Risk: No","Open"
492,"Assault","District D","2025-04-20",,40.71321098,-74.00298765,"Crime Count: 6, Predicted: 2, High Risk: Yes","Reported"
493,"Vandalism","District C","2025-04-22",,40.71567891,-74.00654321,"Crime Count: 1, Predicted: 0, High Risk: No","Closed"
494,"Theft","District B","2025-04-23",,40.71987654,-74.00412345,"Crime Count: 7, Predicted: 3, High Risk: Yes","Reported"
495,"Cybercrime","District A","2025-04-24",,40.71765432,-74.00789012,"Crime Count: 2, Predicted: 1, High Risk: No","Open"
496,"Drug Offense","District D","2025-04-25",,40.71298765,-74.00345678,"Crime Count: 4, Predicted: 2, High Risk: Yes","Reported"
497,"Robbery","District C","2025-04-26",,40.71476543,-74.00812345,"Crime Count: 5, Predicted: 1, High Risk: Yes","Open"
498,"Burglary","District B","2025-04-27",,40.71654321,-74.00678901,"Crime Count: 3, Predicted: 1, High Risk: No","Closed"
499,"Theft","District A","2025-04-28",,40.71812345,-74.00567891,"Crime Count: 8, Predicted: 3, High Risk: Yes","Reported"
500,"Fraud","District D","2025-04-29",,40.71398765,-74.00432109,"Crime Count: 2, Predicted: 0, High Risk: No","Closed"
501,"Assault","District B","2025-04-30",,40.71721098,-74.00287654,"Crime Count: 4, Predicted: 2, High Risk: Yes","Reported"
502,"Cybercrime","District C","2025-05-01",,40.71567891,-74.00765432,"Crime Count: 3, Predicted: 1, High Risk: No","Open"
503,"Drug Offense","District A","2025-05-02",,40.71654321,-74.00912345,"Crime Count: 6, Predicted: 2, High Risk: Yes","Reported"
504,"Vandalism","District D","2025-05-03",,40.71432109,-74.00398765,"Crime Count: 1, Predicted: 0, High Risk: No","Closed"
505,"Robbery","District B","2025-05-04",,40.71765432,-74.00476543,"Crime Count: 7, Predicted: 3, High Risk: Yes","Reported"
506,"Burglary","District C","2025-05-05",,40.71678901,-74.00854321,"Crime Count: 4, Predicted: 2, High Risk: Yes","Open"
507,"Theft","District A","2025-05-06",,40.71787654,-74.00698765,"Crime Count: 9, Predicted: 3, High Risk: Yes","Reported"
508,"Fraud","District D","2025-05-07",,40.7134321,-74.00254321,"Crime Count: 2, Predicted: 0, High Risk: No","Closed"
509,"Cybercrime","District B","2025-05-08",,40.71921098,-74.00587654,"Crime Count: 3, Predicted: 1, High Risk: No","Open"
510,"Drug Offense","District C","2025-05-09",,40.71598765,-74.00721098,"Crime Count: 5, Predicted: 2, High Risk: Yes","Reported"
511,"Vandalism","District A","2025-05-10",,40.71676543,-74.00954321,"Crime Count: 1, Predicted: 0, High Risk: No","Closed"
512,"Assault","District D","2025-05-11",,40.71465432,-74.00387654,"Crime Count: 6, Predicted: 2, High Risk: Yes","Reported"
513,"Robbery","District B","2025-05-12",,40.71876543,-74.0044321,"Crime Count: 5, Predicted: 1, High Risk: Yes","Open"
514,"Burglary","District C","2025-05-13",,40.7164321,-74.00876543,"Crime Count: 3, Predicted: 1, High Risk: No","Closed"
515,"Theft","District A","2025-05-14",,40.71732109,-74.00612345,"Crime Count: 8, Predicted: 3, High Risk: Yes","Reported"
516,"Fraud","District D","2025-05-15",,40.71387654,-74.00276543,"Crime Count: 2, Predicted: 0, High Risk: No","Closed"
517,"Cybercrime","District B","2025-05-16",,40.71954321,-74.0054321,"Crime Count: 4, Predicted: 1, High Risk: No","Open"
518,"Drug Offense","District C","2025-05-17",,40.71521098,-74.00787654,"Crime Count: 6, Predicted: 2, High Risk: Yes","Reported"
519,"Vandalism","District A","2025-05-18",,40.71709876,-74.00921098,"Crime Count: 1, Predicted: 0, High Risk: No","Closed"
520,"Assault","District D","2025-05-19",,40.71454321,-74.00312345,"Crime Count: 5, Predicted: 2, High Risk: Yes","Reported"
521,"Robbery","District B","2025-05-20",,40.71865432,-74.00498765,"Crime Count: 6, Predicted: 2, High Risk: Yes","Open"
522,"Burglary","District C","2025-05-21",,40.71687654,-74.00821098,"Crime Count: 4, Predicted: 1, High Risk: No","Closed"
523,"Theft","District A","2025-05-22",,40.7174321,-74.00654321,"Crime Count: 9, Predicted: 3, High Risk: Yes","Reported"
524,"Fraud","District D","2025-05-23",,40.71376543,-74.0024321,"Crime Count: 3, Predicted: 1, High Risk: No","Closed"
525,"Cybercrime","District B","2025-05-24",,40.71987654,-74.00587654,"Crime Count: 4, Predicted: 1, High Risk: No","Open"
526,"Drug Offense","District C","2025-05-25",,40.7154321,-74.00765432,"Crime Count: 7, Predicted: 2, High Risk: Yes","Reported"
527,"Vandalism","District A","2025-05-26",,40.71765432,-74.00987654,"Crime Count: 1, Predicted: 0, High Risk: No","Closed"
528,"Assault","District D","2025-05-27",,40.71421098,-74.00398765,"Crime Count: 6, Predicted: 2, High Risk: Yes","Reported"
529,"Robbery","District B","2025-05-28",,40.71854321,-74.00412345,"Crime Count: 5, Predicted: 1, High Risk: Yes","Open"
530,"Burglary","District C","2025-05-29",,40.71676543,-74.0084321,"Crime Count: 3, Predicted: 1, High Risk: No","Closed"
531,"Theft","District A","2025-05-30",,40.71754321,-74.00687654,"Crime Count: 10, Predicted: 3, High Risk: Yes","Reported"
532,"Fraud","District D","2025-05-31",,40.71365432,-74.00298765,"Crime Count: 2, Predicted: 0, High Risk: No","Closed"
533,"Cybercrime","District B","2025-06-01",,40.7194321,-74.00576543,"Crime Count: 3, Predicted: 1, High Risk: No","Open"
534,"Drug Offense","District C","2025-06-02",,40.71587654,-74.00754321,"Crime Count: 5, Predicted: 2, High Risk: Yes","Reported"
535,"Vandalism","District G","2025-07-06",,40.72654321,-74.00876543,"Crime Count: 2, Predicted: 1, High Risk: No","Closed"
536,"Fraud","District H","2025-07-07",,40.72234567,-74.00612345,"Crime Count: 3, Predicted: 2, High Risk: Yes","Reported"
537,"Burglary","District I","2025-07-08",,40.71890123,-74.00456789,"Crime Count: 5, Predicted: 2, High Risk: Yes","Open"
538,"Theft","District J","2025-07-09",,40.7156789,-74.00234567,"Crime Count: 1, Predicted: 0, High Risk: No","Closed"
539,"Robbery","District K","2025-07-10",,40.71923456,-74.00345678,"Crime Count: 4, Predicted: 1, High Risk: Yes","Reported"
540,"Assault","District L","2025-07-11",,40.72198765,-74.00765432,"Crime Count: 3, Predicted: 1, High Risk: No","Open"
541,"Fraud","District M","2025-07-12",,40.72432109,-74.00987654,"Crime Count: 2, Predicted: 1, High Risk: No","Closed"
542,"Vandalism","District N","2025-07-13",,40.72876543,-74.0054321,"Crime Count: 3, Predicted: 2, High Risk: Yes","Reported"
543,"Robbery","District O","2025-07-14",,40.7256789,-74.00456789,"Crime Count: 4, Predicted: 1, High Risk: Yes","Open"
544,"Theft","District P","2025-07-15",,40.71789012,-74.00212345,"Crime Count: 1, Predicted: 0, High Risk: No","Closed"
545,"Burglary","District Q","2025-07-16",,40.71345678,-74.00654321,"Crime Count: 5, Predicted: 2, High Risk: Yes","Reported"
546,"Assault","District R","2025-07-17",,40.71654321,-74.00765432,"Crime Count: 3, Predicted: 1, High Risk: No","Open"
547,"Fraud","District S","2025-07-18",,40.72298765,-74.00912345,"Crime Count: 2, Predicted: 1, High Risk: No","Closed"
548,"Vandalism","District T","2025-07-19",,40.72901234,-74.00398765,"Crime Count: 3, Predicted: 2, High Risk: Yes","Reported"
549,"Robbery","District U","2025-07-20",,40.72765432,-74.00487654,"Crime Count: 4, Predicted: 1, High Risk: Yes","Open"
550,"Theft","District V","2025-07-21",,40.71987654,-74.00234567,"Crime Count: 1, Predicted: 0, High Risk: No","Closed"
551,"Burglary","District W","2025-07-22",,40.71432109,-74.00678901,"Crime Count: 5, Predicted: 2, High Risk: Yes","Reported"
552,"Fraud","District X","2025-07-23",,40.72098765,-74.00876543,"Crime Count: 2, Predicted: 1, High Risk: No","Closed"
553,"Assault","District Y","2025-07-24",,40.72345678,-74.0054321,"Crime Count: 3, Predicted: 1, High Risk: No","Open"
554,"Vandalism","District Z","2025-07-25",,40.72678901,-74.00432109,"Crime Count: 2, Predicted: 1, High Risk: No","Reported"
555,"Robbery","District AA","2025-07-26",,40.72987654,-74.00321098,"Crime Count: 4, Predicted: 1, High Risk: Yes","Closed"
556,"Theft","District BB","2025-07-27",,40.71765432,-74.00210987,"Crime Count: 1, Predicted: 0, High Risk: No","Reported"
557,"Fraud","District CC","2025-07-28",,40.72123456,-74.00812345,"Crime Count: 2, Predicted: 1, High Risk: No","Open"
558,"Burglary","District DD","2025-07-29",,40.71678901,-74.00987654,"Crime Count: 5, Predicted: 2, High Risk: Yes","Closed"
559,"Assault","District EE","2025-07-30",,40.71901234,-74.00765432,"Crime Count: 3, Predicted: 1, High Risk: No","Reported"
560,"Robbery","District FF","2025-07-31",,40.7254321,-74.00456789,"Crime Count: 4, Predicted: 1, High Risk: Yes","Open"
561,"Theft","District GG","2025-08-01",,40.72876543,-74.00298765,"Crime Count: 1, Predicted: 0, High Risk: No","Closed"
562,"Fraud","District HH","2025-08-02",,40.72432109,-74.00654321,"Crime Count: 2, Predicted: 1, High Risk: No","Reported"
563,"Vandalism","District II","2025-08-03",,40.71987654,-74.00398765,"Crime Count: 3, Predicted: 2, High Risk: Yes","Open"
564,"Burglary","District JJ","2025-08-04",,40.71789012,-74.0054321,"Crime Count: 5, Predicted: 2, High Risk: Yes","Closed"
565,"Assault","District KK","2025-08-05",,40.72654321,-74.00876543,"Crime Count: 3, Predicted: 1, High Risk: No","Reported"
566,"Theft","District LL","2025-08-06",,40.72321098,-74.00765432,"Crime Count: 1, Predicted: 0, High Risk: No","Open"
567,"Fraud","District MM","2025-08-07",,40.72890123,-74.00987654,"Crime Count: 2, Predicted: 1, High Risk: No","Closed"
568,"Vandalism","District NN","2025-08-08",,40.7256789,-74.00234567,"Crime Count: 3, Predicted: 2, High Risk: Yes","Reported"
569,"Robbery","District OO","2025-08-09",,40.72198765,-74.00654321,"Crime Count: 4, Predicted: 1, High Risk: Yes","Open"
570,"Burglary","District PP","2025-08-10",,40.71345678,-74.00912345,"Crime Count: 5, Predicted: 2, High Risk: Yes","Closed"
571,"Theft","District QQ","2025-08-11",,40.71678901,-74.00487654,"Crime Count: 1, Predicted: 0, High Risk: No","Reported"
572,"Fraud","District RR","2025-08-12",,40.71923456,-74.00321098,"Crime Count: 2, Predicted: 1, High Risk: No","Open"
573,"Vandalism","District SS","2025-08-13",,40.72765432,-74.00987654,"Crime Count: 3, Predicted: 2, High Risk: Yes","Closed"
574,"Assault","District TT","2025-08-14",,40.72987654,-74.00298765,"Crime Count: 3, Predicted: 1, High Risk: No","Reported"
575,"Robbery","District UU","2025-08-15",,40.7254321,-74.0054321,"Crime Count: 4, Predicted: 1, High Risk: Yes","Open"
576,"Theft","District VV","2025-08-16",,40.72876543,-74.00432109,"Crime Count: 1, Predicted: 0, High Risk: No","Closed"
577,"Fraud","District WW","2025-08-17",,40.72432109,-74.00765432,"Crime Count: 2, Predicted: 1, High Risk: No","Reported"
578,"Burglary","District XX","2025-08-18",,40.71765432,-74.00912345,"Crime Count: 5, Predicted: 2, High Risk: Yes","Open"
579,"Assault","District YY","2025-08-19",,40.72198765,-74.00876543,"Crime Count: 3, Predicted: 1, High Risk: No","Closed"
580,"Vandalism","District ZZ","2025-08-20",,40.72654321,-74.00210987,"Crime Count: 2, Predicted: 1, High Risk: No","Reported"
581,"Assault","District A","2025-06-08",,40.71787654,-74.00398765,"Crime Count: 3, Predicted: 1, High Risk: No","Reported"
582,"Theft","District B","2025-07-11",,40.71987654,-74.00287654,"Crime Count: 4, Predicted: 1, High Risk: Yes","Open"
583,"Robbery","District C","2025-08-19",,40.72087654,-74.00876543,"Crime Count: 2, Predicted: 0, High Risk: No","Closed"
584,"Burglary","District D","2025-09-27",,40.72187654,-74.00565432,"Crime Count: 5, Predicted: 1, High Risk: Yes","Investigating"
585,"Vandalism","District E","2025-10-05",,40.72287654,-74.00454321,"Crime Count: 1, Predicted: 0, High Risk: No","Reported"
586,"Fraud","District F","2025-11-13",,40.72387654,-74.0064321,"Crime Count: 3, Predicted: 1, High Risk: No","Closed"
587,"Homicide","District G","2025-12-20",,40.72487654,-74.00732109,"Crime Count: 2, Predicted: 1, High Risk: Yes","Open"
588,"Theft","District H","2026-01-03",,40.72587654,-74.00321098,"Crime Count: 4, Predicted: 1, High Risk: Yes","Reported"
589,"Assault","District I","2026-02-11",,40.72687654,-74.00210987,"Crime Count: 2, Predicted: 0, High Risk: No","Closed"
590,"Robbery","District J","2026-03-19",,40.72787654,-74.00809876,"Crime Count: 3, Predicted: 1, High Risk: No","Investigating"
591,"Burglary","District K","2026-04-26",,40.72887654,-74.00598765,"Crime Count: 1, Predicted: 0, High Risk: No","Reported"
592,"Vandalism","District L","2026-05-04",,40.72987654,-74.00487654,"Crime Count: 5, Predicted: 1, High Risk: Yes","Open"
593,"Fraud","District M","2026-06-12",,40.73087654,-74.00676543,"Crime Count: 3, Predicted: 1, High Risk: No","Closed"
594,"Homicide","District N","2026-07-21",,40.73187654,-74.00765432,"Crime Count: 2, Predicted: 1, High Risk: Yes","Investigating"
595,"Theft","District O","2026-08-30",,40.73287654,-74.00354321,"Crime Count: 4, Predicted: 1, High Risk: Yes","Reported"
596,"Assault","District P","2026-09-09",,40.73387654,-74.0024321,"Crime Count: 2, Predicted: 0, High Risk: No","Closed"
597,"Robbery","District Q","2026-10-18",,40.73487654,-74.00832109,"Crime Count: 3, Predicted: 1, High Risk: No","Open"
598,"Burglary","District R","2026-11-25",,40.73587654,-74.00521098,"Crime Count: 1, Predicted: 0, High Risk: No","Reported"
599,"Vandalism","District S","2026-12-03",,40.73687654,-74.00410987,"Crime Count: 4, Predicted: 1, High Risk: Yes","Investigating"
600,"Fraud","District T","2027-01-11",,40.73787654,-74.00609876,"Crime Count: 3, Predicted: 1, High Risk: No","Closed"
601,"Homicide","District U","2027-02-20",,40.73887654,-74.00798765,"Crime Count: 2, Predicted: 1, High Risk: Yes","Open"
602,"Theft","District V","2027-03-29",,40.73987654,-74.00387654,"Crime Count: 4, Predicted: 1, High Risk: Yes","Reported"
603,"Assault","District W","2027-04-07",,40.74087654,-74.00276543,"Crime Count: 2, Predicted: 0, High Risk: No","Closed"
604,"Robbery","District X","2027-05-15",,40.74187654,-74.00865432,"Crime Count: 3, Predicted: 1, High Risk: No","Investigating"
605,"Burglary","District Y","2027-06-23",,40.74287654,-74.00554321,"Crime Count: 1, Predicted: 0, High Risk: No","Reported"
606,"Vandalism","District Z","2027-07-01",,40.74387654,-74.0044321,"Crime Count: 5, Predicted: 1, High Risk: Yes","Open"
607,"Fraud","District A","2027-08-10",,40.74487654,-74.00632109,"Crime Count: 3, Predicted: 1, High Risk: No","Closed"
608,"Homicide","District B","2027-09-18",,40.74587654,-74.00721098,"Crime Count: 2, Predicted: 1, High Risk: Yes","Investigating"
609,"Theft","District C","2027-10-27",,40.74687654,-74.00310987,"Crime Count: 4, Predicted: 1, High Risk: Yes","Reported"
610,"Assault","District D","2027-11-05",,40.74787654,-74.00209876,"Crime Count: 2, Predicted: 0, High Risk: No","Closed"
611,"Robbery","District E","2027-12-13",,40.74887654,-74.00898765,"Crime Count: 3, Predicted: 1, High Risk: No","Investigating"
612,"Burglary","District F","2028-01-21",,40.74987654,-74.00587654,"Crime Count: 1, Predicted: 0, High Risk: No","Reported"
613,"Vandalism","District G","2028-02-29",,40.75087654,-74.00476543,"Crime Count: 4, Predicted: 1, High Risk: Yes","Closed"
614,"Fraud","District H","2028-03-08",,40.75187654,-74.00665432,"Crime Count: 3, Predicted: 1, High Risk: No","Open"
615,"Homicide","District I","2028-04-16",,40.75287654,-74.00754321,"Crime Count: 2, Predicted: 1, High Risk: Yes","Investigating"
616,"Theft","District J","2028-05-24",,40.75387654,-74.0034321,"Crime Count: 4, Predicted: 1, High Risk: Yes","Reported"
617,"Assault","District K","2028-06-02",,40.75487654,-74.00232109,"Crime Count: 2, Predicted: 0, High Risk: No","Closed"
618,"Robbery","District L","2028-07-11",,40.75587654,-74.00821098,"Crime Count: 3, Predicted: 1, High Risk: No","Investigating"
619,"Burglary","District M","2028-08-19",,40.75687654,-74.00510987,"Crime Count: 1, Predicted: 0, High Risk: No","Reported"
620,"Vandalism","District N","2028-09-27",,40.75787654,-74.00398765,"Crime Count: 5, Predicted: 1, High Risk: Yes","Closed"
621,"Fraud","District O","2028-10-05",,40.75887654,-74.00687654,"Crime Count: 3, Predicted: 1, High Risk: No","Open"
622,"Homicide","District P","2028-11-13",,40.75987654,-74.00776543,"Crime Count: 2, Predicted: 1, High Risk: Yes","Investigating"
623,"Theft","District Q","2028-12-21",,40.76087654,-74.00365432,"Crime Count: 4, Predicted: 1, High Risk: Yes","Reported"
624,"Assault","District R","2029-01-29",,40.76187654,-74.00254321,"Crime Count: 2, Predicted: 0, High Risk: No","Closed"
625,"Robbery","District S","2029-02-08",,40.76287654,-74.0084321,"Crime Count: 3, Predicted: 1, High Risk: No","Investigating"
626,"Burglary","District T","2029-03-16",,40.76387654,-74.00532109,"Crime Count: 1, Predicted: 0, High Risk: No","Reported"
627,"Burglary","District C","2025-04-09",,40.71475781,-74.01360771,"Crime Count: 3, Predicted: 0, High Risk: No","Closed"
628,"Robbery","District D","2024-10-28",,40.71608219,-74.00949383,"Crime Count: 1, Predicted: 0, High Risk: No","Closed"
629,"Vandalism","District A","2024-11-21",,40.71056727,-74.00943959,"Crime Count: 4, Predicted: 1, High Risk: No","Closed"
630,"Theft","District B","2024-12-18",,40.71893214,-74.00674392,"Crime Count: 2, Predicted: 1, High Risk: Yes","Reported"
631,"Assault","District C","2025-01-05",,40.71234567,-74.00876543,"Crime Count: 3, Predicted: 1, High Risk: No","Closed"
632,"Robbery","District A","2025-02-17",,40.71765432,-74.01123456,"Crime Count: 5, Predicted: 1, High Risk: Yes","Reported"
633,"Vandalism","District D","2025-03-09",,40.71987654,-74.00765432,"Crime Count: 1, Predicted: 0, High Risk: No","Closed"
634,"Burglary","District B","2025-03-12",,40.71321098,-74.01098765,"Crime Count: 2, Predicted: 1, High Risk: No","Closed"
635,"Theft","District C","2025-03-20",,40.71654321,-74.01234567,"Crime Count: 3, Predicted: 1, High Risk: Yes","Reported"
636,"Robbery","District A","2025-03-29",,40.7156789,-74.00987654,"Crime Count: 4, Predicted: 1, High Risk: No","Closed"
637,"Assault","District D","2025-04-03",,40.71123456,-74.00876543,"Crime Count: 2, Predicted: 0, High Risk: No","Closed"
638,"Vandalism","District B","2025-04-11",,40.71456789,-74.01298765,"Crime Count: 1, Predicted: 0, High Risk: No","Closed"
639,"Burglary","District C","2025-04-14",,40.71398765,-74.01054321,"Crime Count: 3, Predicted: 1, High Risk: No","Closed"
640,"Robbery","District A","2025-04-18",,40.71954321,-74.00765432,"Crime Count: 2, Predicted: 1, High Risk: Yes","Reported"